-- phpMyAdmin SQL Dump
-- version 4.9.5deb2
-- https://www.phpmyadmin.net/
--
-- Host: localhost
-- Generation Time: Dec 08, 2022 at 11:29 PM
-- Server version: 10.3.37-MariaDB-0ubuntu0.20.04.1
-- PHP Version: 7.4.3

SET SQL_MODE = "NO_AUTO_VALUE_ON_ZERO";
SET AUTOCOMMIT = 0;
START TRANSACTION;
SET time_zone = "+00:00";


/*!40101 SET @OLD_CHARACTER_SET_CLIENT=@@CHARACTER_SET_CLIENT */;
/*!40101 SET @OLD_CHARACTER_SET_RESULTS=@@CHARACTER_SET_RESULTS */;
/*!40101 SET @OLD_COLLATION_CONNECTION=@@COLLATION_CONNECTION */;
/*!40101 SET NAMES utf8mb4 */;

--
-- Database: `kumaria_db`
--
CREATE DATABASE IF NOT EXISTS `kumaria_db` DEFAULT CHARACTER SET utf8mb4 COLLATE utf8mb4_general_ci;
USE `kumaria_db`;

-- --------------------------------------------------------

--
-- Table structure for table `ASSET`
--

DROP TABLE IF EXISTS `ASSET`;
CREATE TABLE `ASSET` (
  `ASSET_ID` int(11) NOT NULL,
  `ASSET_NAME` varchar(30) DEFAULT NULL,
  `ASSET_MODEL_NUM` varchar(30) DEFAULT NULL,
  `ASSET_PURCHASE_DATE` date DEFAULT NULL,
  `ASSET_TYPE` varchar(15) DEFAULT NULL
) ENGINE=InnoDB DEFAULT CHARSET=utf8mb4 COLLATE=utf8mb4_general_ci;

--
-- Dumping data for table `ASSET`
--

INSERT INTO `ASSET` (`ASSET_ID`, `ASSET_NAME`, `ASSET_MODEL_NUM`, `ASSET_PURCHASE_DATE`, `ASSET_TYPE`) VALUES
(5001, 'DELL XPS 13PLUS', 'DELL5001XPS', '2022-01-01', 'LAPTOP'),
(5002, 'MICROSOFT SURFACE PRO', 'MICTO5002SURFACE', '2022-01-01', 'LAPTOP'),
(5003, 'SAMSUNG GALAXY TAB', 'GAL5003TAB', '2022-01-01', 'TABLET'),
(5004, 'APPLE iPAD AIR 5TH GEN', 'iPAD5004AIR', '2022-01-01', 'IPAD'),
(5005, 'SAMSUNG GALAXY BUDS', 'GAL5005BUDS', '2022-01-01', 'HEADPHONES'),
(5006, 'MISCROSOFT SURFACE 4', 'MICRO5006SURFACE4', '2022-01-01', 'LAPTOP'),
(5007, 'MAC BOOK PRO', 'MAC5007PRO', '2022-01-01', 'LAPTOP'),
(5008, 'MAC BOOK AIR', 'MAC5008AIR', '2022-01-01', 'LAPTOP'),
(5009, 'AIRPODS', 'AIR5009PODS', '2022-01-01', 'HEADPHONES'),
(50010, 'SONY HEADPHONES', 'SONY50010', '2022-01-01', 'HEADPHONES'),
(50011, 'APPLE IPAD PRO 11INCH', 'IPAD50011PRO', '2022-01-01', 'IPAD'),
(50012, 'IPAD MINI', 'IPAD50012MINI', '2022-01-01', 'IPAD'),
(50013, 'LENOVO TAB', 'LENOVO50013TAB', '2022-01-01', 'TABLET'),
(50014, 'MICROSOFT PRO X', 'MICRO50014PRO', '2022-01-01', 'TABLET');

-- --------------------------------------------------------

--
-- Table structure for table `ASSET_ASSIGNMENT`
--

DROP TABLE IF EXISTS `ASSET_ASSIGNMENT`;
CREATE TABLE `ASSET_ASSIGNMENT` (
  `EMP_ID` int(11) NOT NULL,
  `ASSET_ID` int(11) NOT NULL,
  `ISSUE_DATE` date DEFAULT NULL,
  `RETURN_DATE` date DEFAULT NULL,
  `ISSUE_REASON` varchar(25) DEFAULT NULL
) ENGINE=InnoDB DEFAULT CHARSET=utf8mb4 COLLATE=utf8mb4_general_ci;

--
-- Dumping data for table `ASSET_ASSIGNMENT`
--

INSERT INTO `ASSET_ASSIGNMENT` (`EMP_ID`, `ASSET_ID`, `ISSUE_DATE`, `RETURN_DATE`, `ISSUE_REASON`) VALUES
(101, 5009, '2022-02-01', '2022-07-01', 'PROJECT REQUIREMENT'),
(102, 50012, '2022-05-04', '2022-05-18', 'AZURE TESTING'),
(103, 5007, '2022-12-01', '2022-12-03', 'AZURE TRAINING'),
(104, 5001, '2022-10-11', '2022-12-03', 'CODE REVIEW'),
(105, 50013, '2022-10-19', '2022-12-01', 'TESTING PURPOSE');

-- --------------------------------------------------------

--
-- Table structure for table `DEPARTMENT`
--

DROP TABLE IF EXISTS `DEPARTMENT`;
CREATE TABLE `DEPARTMENT` (
  `DEPT_ID` int(11) NOT NULL,
  `DEPT_NAME` varchar(15) DEFAULT NULL,
  `DEPT_FLOOR` varchar(15) DEFAULT NULL,
  `DEPT_HOD` varchar(15) DEFAULT NULL,
  `DEPT_COORDINATOR` varchar(15) DEFAULT NULL
) ENGINE=InnoDB DEFAULT CHARSET=utf8mb4 COLLATE=utf8mb4_general_ci;

--
-- Dumping data for table `DEPARTMENT`
--

INSERT INTO `DEPARTMENT` (`DEPT_ID`, `DEPT_NAME`, `DEPT_FLOOR`, `DEPT_HOD`, `DEPT_COORDINATOR`) VALUES
(201, 'TESTING', '1ST', 'ALKA KUMARI', 'PUNEET SHARMA'),
(202, 'IT', '2ND', 'Puneet sharma', 'Puneet Sharma'),
(203, 'DEVELOPMENT', '3RD', 'NEHA SIMAR', 'NEHA SIMAR'),
(204, 'HIRING', '4TH', 'Rishab', 'Rishab'),
(205, 'HELPING STAFF', '1ST', 'SHWETA KADYAN', 'SHWETA KADYAN');

-- --------------------------------------------------------

--
-- Table structure for table `EMPLOYEE`
--

DROP TABLE IF EXISTS `EMPLOYEE`;
CREATE TABLE `EMPLOYEE` (
  `EMP_ID` int(11) NOT NULL,
  `EMP_TITLE` varchar(4) DEFAULT NULL,
  `EMP_LNAME` varchar(15) DEFAULT NULL,
  `EMP_FNAME` varchar(15) DEFAULT NULL,
  `EMP_M_NAME` char(1) DEFAULT NULL,
  `EMP_HIRE_DATE` date DEFAULT NULL,
  `EMP_PHONE` varchar(8) DEFAULT NULL,
  `DEPT_ID` int(11) DEFAULT NULL,
  `HARDDRIVE_ID` int(11) DEFAULT NULL,
  `LANDLINE_ID` int(11) DEFAULT NULL
) ENGINE=InnoDB DEFAULT CHARSET=utf8mb4 COLLATE=utf8mb4_general_ci;

--
-- Dumping data for table `EMPLOYEE`
--

INSERT INTO `EMPLOYEE` (`EMP_ID`, `EMP_TITLE`, `EMP_LNAME`, `EMP_FNAME`, `EMP_M_NAME`, `EMP_HIRE_DATE`, `EMP_PHONE`, `DEPT_ID`, `HARDDRIVE_ID`, `LANDLINE_ID`) VALUES
(101, 'QA', 'Kumari', 'Alka', 'K', '2022-07-03', '00003428', 201, 301, 401),
(102, 'TE', 'Sharma', 'Puneet', 'K', '2022-08-04', '00005487', 202, 302, 402),
(103, 'QA', 'TOMAR', 'ARUN', 'S', '2022-07-06', '00002564', 201, 303, 403),
(104, 'SD', 'KADYAN', 'SHWETA', 'S', '2022-04-12', '00007687', 203, 304, 404),
(105, 'QA', 'RANI', 'USHA', 'S', '2022-08-09', '00002467', 202, 305, 405),
(106, 'SD', 'SIMAR', 'NEHA', 'N', '2022-06-07', '00006767', 203, 306, 406),
(207, 'HR', 'SINGH', 'RISHAB', 'B', '2022-01-01', '00008877', 204, 307, 407);

-- --------------------------------------------------------

--
-- Table structure for table `HARDDRIVE`
--

DROP TABLE IF EXISTS `HARDDRIVE`;
CREATE TABLE `HARDDRIVE` (
  `HARDDRIVE_ID` int(11) NOT NULL,
  `HARDDRIVE_MODEL_NUM` varchar(15) DEFAULT NULL,
  `HARDDRIVE_DOP` date DEFAULT NULL,
  `HARDDRIVE_STORAGE` varchar(15) DEFAULT NULL,
  `HARDDRIVE_BRANDNAME` varchar(15) DEFAULT NULL
) ENGINE=InnoDB DEFAULT CHARSET=utf8mb4 COLLATE=utf8mb4_general_ci;

--
-- Dumping data for table `HARDDRIVE`
--

INSERT INTO `HARDDRIVE` (`HARDDRIVE_ID`, `HARDDRIVE_MODEL_NUM`, `HARDDRIVE_DOP`, `HARDDRIVE_STORAGE`, `HARDDRIVE_BRANDNAME`) VALUES
(301, 'HD01', '2022-01-01', 'One TB', 'SANDISK'),
(302, 'HD02', '2022-01-01', 'Two TB', 'SANDISK'),
(303, 'HD03', '2022-01-01', '500 GB', 'SEAGATE'),
(304, 'HD04', '2022-01-01', 'One TB', 'DELL'),
(305, 'HD05', '2022-01-01', '1 TB', 'DELL'),
(306, 'HD06', '2022-01-01', 'One TB', 'DELL'),
(307, 'HD07', '2022-01-01', 'Two TB', 'DELL');

-- --------------------------------------------------------

--
-- Table structure for table `HEADPHONES`
--

DROP TABLE IF EXISTS `HEADPHONES`;
CREATE TABLE `HEADPHONES` (
  `ASSET_ID` int(11) DEFAULT NULL,
  `HP_ID` varchar(30) NOT NULL,
  `HP_WIRED` varchar(15) DEFAULT NULL,
  `HP_DB_RANGE` varchar(15) DEFAULT NULL,
  `HP_NOISE_CANCEL` varchar(15) DEFAULT NULL,
  `HP_COLOR` varchar(15) DEFAULT NULL
) ENGINE=InnoDB DEFAULT CHARSET=utf8mb4 COLLATE=utf8mb4_general_ci;

--
-- Dumping data for table `HEADPHONES`
--

INSERT INTO `HEADPHONES` (`ASSET_ID`, `HP_ID`, `HP_WIRED`, `HP_DB_RANGE`, `HP_NOISE_CANCEL`, `HP_COLOR`) VALUES
(5005, 'HP 01', 'N', '85-105', 'Y', 'YELLOW'),
(5005, 'HP 02', 'N', '90', 'Y', 'BLACK'),
(5009, 'HP 03', 'N', '105-150', 'Y', 'WHITE'),
(50010, 'HP 04', 'Y', '105', 'Y', 'BLACK'),
(50010, 'HP 05', 'Y', '200', 'Y', 'WHITE');

-- --------------------------------------------------------

--
-- Table structure for table `IPAD`
--

DROP TABLE IF EXISTS `IPAD`;
CREATE TABLE `IPAD` (
  `ASSET_ID` int(11) DEFAULT NULL,
  `IPAD_ID` varchar(30) NOT NULL,
  `IPAD_STORAGE` varchar(15) DEFAULT NULL,
  `IPAD_WARRANTY` varchar(15) DEFAULT NULL,
  `IPAD_STYLUS` varchar(15) DEFAULT NULL,
  `IPAD_MANUFACTURED_YEAR` varchar(15) DEFAULT NULL
) ENGINE=InnoDB DEFAULT CHARSET=utf8mb4 COLLATE=utf8mb4_general_ci;

--
-- Dumping data for table `IPAD`
--

INSERT INTO `IPAD` (`ASSET_ID`, `IPAD_ID`, `IPAD_STORAGE`, `IPAD_WARRANTY`, `IPAD_STYLUS`, `IPAD_MANUFACTURED_YEAR`) VALUES
(5004, 'IPAD 01', '64GB', 'YES', 'YES', '2022'),
(5004, 'IPAD 02', '128GB', 'YES', 'YES', '2022'),
(50011, 'IPAD 03', '128GB', 'NO', 'NO', '2022'),
(50011, 'IPAD 04', '64GB', 'NO', 'NO', '2022'),
(50012, 'IPAD 05', '64GB', 'YES', 'NO', '2022');

-- --------------------------------------------------------

--
-- Table structure for table `LAPTOP`
--

DROP TABLE IF EXISTS `LAPTOP`;
CREATE TABLE `LAPTOP` (
  `ASSET_ID` int(11) DEFAULT NULL,
  `LAPTOP_ID` int(11) NOT NULL,
  `LAPTOP_BRAND` varchar(30) DEFAULT NULL,
  `LAPTOP_RAM` varchar(30) DEFAULT NULL,
  `LAPTOP_PROCESSOR` varchar(30) DEFAULT NULL,
  `LAPTOP_SCREEN_TYPE` varchar(15) DEFAULT NULL
) ENGINE=InnoDB DEFAULT CHARSET=utf8mb4 COLLATE=utf8mb4_general_ci;

--
-- Dumping data for table `LAPTOP`
--

INSERT INTO `LAPTOP` (`ASSET_ID`, `LAPTOP_ID`, `LAPTOP_BRAND`, `LAPTOP_RAM`, `LAPTOP_PROCESSOR`, `LAPTOP_SCREEN_TYPE`) VALUES
(5001, 5001, 'DELL', '16GB', 'i7', 'OLED'),
(5002, 5002, 'MICROSOFT SURFACE', '16GB', 'i7', 'OLED'),
(5006, 5003, 'MICROSOFT', '32GB', 'I5', '4K'),
(5008, 5004, 'APPLE', '64GB', 'i7', 'OLED'),
(5007, 5005, 'APPLE', '64GB', 'I5', '4K');

-- --------------------------------------------------------

--
-- Table structure for table `TABLET`
--

DROP TABLE IF EXISTS `TABLET`;
CREATE TABLE `TABLET` (
  `ASSET_ID` int(11) DEFAULT NULL,
  `TABLET_ID` varchar(30) NOT NULL,
  `TABLET_COLOR` varchar(15) DEFAULT NULL,
  `TABLET_SIZE` varchar(15) DEFAULT NULL,
  `STYLUS` varchar(15) DEFAULT NULL,
  `TABLET_SLEEVE` varchar(15) DEFAULT NULL
) ENGINE=InnoDB DEFAULT CHARSET=utf8mb4 COLLATE=utf8mb4_general_ci;

--
-- Dumping data for table `TABLET`
--

INSERT INTO `TABLET` (`ASSET_ID`, `TABLET_ID`, `TABLET_COLOR`, `TABLET_SIZE`, `STYLUS`, `TABLET_SLEEVE`) VALUES
(5003, 'TABLET 01', 'RED', '11 INCH', 'YES', 'NO'),
(5003, 'TABLET 02', 'BLACK', '12.9 INCH', 'YES', 'NO'),
(50013, 'TABLET 03', 'SILVER', '11 INCH', 'NO', 'YES'),
(50013, 'TABLET 04', 'WHITE', '11 INCH', 'NO', 'NO'),
(50014, 'TABLET 05', 'BLACK', '10 INCH', 'YES', 'YES');

-- --------------------------------------------------------

--
-- Table structure for table `TELEPHONE`
--

DROP TABLE IF EXISTS `TELEPHONE`;
CREATE TABLE `TELEPHONE` (
  `LANDLINE_ID` int(11) NOT NULL,
  `MOBILE_ID` varchar(15) DEFAULT NULL,
  `MOBILE_MODEL` varchar(25) DEFAULT NULL,
  `MOBILE_NAME` varchar(15) DEFAULT NULL,
  `MOBILE_TYPE` varchar(15) DEFAULT NULL
) ENGINE=InnoDB DEFAULT CHARSET=utf8mb4 COLLATE=utf8mb4_general_ci;

--
-- Dumping data for table `TELEPHONE`
--

INSERT INTO `TELEPHONE` (`LANDLINE_ID`, `MOBILE_ID`, `MOBILE_MODEL`, `MOBILE_NAME`, `MOBILE_TYPE`) VALUES
(401, '501', 'SAMSUNG GALAXY 20', 'SAMSUNG ', 'ANDROID'),
(402, '502', 'IPHONE 14', 'IPHONE', 'OS'),
(403, '503', 'GOOGLE PIXEL 6', 'GOOGLE', 'ANDROID'),
(404, '504', 'SAMSUNG GALAXY ULTRA', 'SAMSUNG ', 'ANDROID'),
(405, '505', 'IPHONE 13', 'IPHONE', 'iOS'),
(406, '506', 'SAMSUNG GALAXY 20', 'SAMSUNG ', 'ANDROID'),
(407, '507', 'GOOGLE PIXEL', 'GOOGLE', 'ANDROID');

--
-- Indexes for dumped tables
--

--
-- Indexes for table `ASSET`
--
ALTER TABLE `ASSET`
  ADD PRIMARY KEY (`ASSET_ID`);

--
-- Indexes for table `ASSET_ASSIGNMENT`
--
ALTER TABLE `ASSET_ASSIGNMENT`
  ADD PRIMARY KEY (`EMP_ID`,`ASSET_ID`),
  ADD KEY `ASSET_ID` (`ASSET_ID`);

--
-- Indexes for table `DEPARTMENT`
--
ALTER TABLE `DEPARTMENT`
  ADD PRIMARY KEY (`DEPT_ID`);

--
-- Indexes for table `EMPLOYEE`
--
ALTER TABLE `EMPLOYEE`
  ADD PRIMARY KEY (`EMP_ID`),
  ADD KEY `HARDDRIVE_ID` (`HARDDRIVE_ID`),
  ADD KEY `LANDLINE_ID` (`LANDLINE_ID`),
  ADD KEY `DEPT_ID` (`DEPT_ID`);

--
-- Indexes for table `HARDDRIVE`
--
ALTER TABLE `HARDDRIVE`
  ADD PRIMARY KEY (`HARDDRIVE_ID`);

--
-- Indexes for table `HEADPHONES`
--
ALTER TABLE `HEADPHONES`
  ADD PRIMARY KEY (`HP_ID`),
  ADD KEY `ASSET_ID` (`ASSET_ID`);

--
-- Indexes for table `IPAD`
--
ALTER TABLE `IPAD`
  ADD PRIMARY KEY (`IPAD_ID`),
  ADD KEY `ASSET_ID` (`ASSET_ID`);

--
-- Indexes for table `LAPTOP`
--
ALTER TABLE `LAPTOP`
  ADD PRIMARY KEY (`LAPTOP_ID`),
  ADD KEY `ASSET_ID` (`ASSET_ID`);

--
-- Indexes for table `TABLET`
--
ALTER TABLE `TABLET`
  ADD PRIMARY KEY (`TABLET_ID`),
  ADD KEY `ASSET_ID` (`ASSET_ID`);

--
-- Indexes for table `TELEPHONE`
--
ALTER TABLE `TELEPHONE`
  ADD PRIMARY KEY (`LANDLINE_ID`);

--
-- Constraints for dumped tables
--

--
-- Constraints for table `ASSET_ASSIGNMENT`
--
ALTER TABLE `ASSET_ASSIGNMENT`
  ADD CONSTRAINT `ASSET_ASSIGNMENT_ibfk_1` FOREIGN KEY (`EMP_ID`) REFERENCES `EMPLOYEE` (`EMP_ID`),
  ADD CONSTRAINT `ASSET_ASSIGNMENT_ibfk_2` FOREIGN KEY (`ASSET_ID`) REFERENCES `ASSET` (`ASSET_ID`);

--
-- Constraints for table `EMPLOYEE`
--
ALTER TABLE `EMPLOYEE`
  ADD CONSTRAINT `EMPLOYEE_ibfk_1` FOREIGN KEY (`HARDDRIVE_ID`) REFERENCES `HARDDRIVE` (`HARDDRIVE_ID`),
  ADD CONSTRAINT `EMPLOYEE_ibfk_2` FOREIGN KEY (`LANDLINE_ID`) REFERENCES `TELEPHONE` (`LANDLINE_ID`),
  ADD CONSTRAINT `EMPLOYEE_ibfk_3` FOREIGN KEY (`DEPT_ID`) REFERENCES `DEPARTMENT` (`DEPT_ID`);

--
-- Constraints for table `HEADPHONES`
--
ALTER TABLE `HEADPHONES`
  ADD CONSTRAINT `HEADPHONES_ibfk_1` FOREIGN KEY (`ASSET_ID`) REFERENCES `ASSET` (`ASSET_ID`);

--
-- Constraints for table `IPAD`
--
ALTER TABLE `IPAD`
  ADD CONSTRAINT `IPAD_ibfk_1` FOREIGN KEY (`ASSET_ID`) REFERENCES `ASSET` (`ASSET_ID`);

--
-- Constraints for table `LAPTOP`
--
ALTER TABLE `LAPTOP`
  ADD CONSTRAINT `LAPTOP_ibfk_1` FOREIGN KEY (`ASSET_ID`) REFERENCES `ASSET` (`ASSET_ID`);

--
-- Constraints for table `TABLET`
--
ALTER TABLE `TABLET`
  ADD CONSTRAINT `TABLET_ibfk_1` FOREIGN KEY (`ASSET_ID`) REFERENCES `ASSET` (`ASSET_ID`);
COMMIT;

/*!40101 SET CHARACTER_SET_CLIENT=@OLD_CHARACTER_SET_CLIENT */;
/*!40101 SET CHARACTER_SET_RESULTS=@OLD_CHARACTER_SET_RESULTS */;
/*!40101 SET COLLATION_CONNECTION=@OLD_COLLATION_CONNECTION */;
